Model,AUC,PR
LogisticRegression,0.5,0.24050632911392406
RandomForest,0.5,0.24050632911392406
