Model,BestParam,ValAUC,HistTestAUC,HistTestPR,OOT_AUC,OOT_PR,TrainRows,ValRows,HistTestRows,OOT_Rows
RandomForest,8,0.7372503598275919,0.7269370238855106,0.3654918100839043,0.6837048804128772,0.36608003625177404,65562,13909,13785,11558
